中文,Tiếng Việt,English,形狀,左%,上%,右%,下%
細胞核,Nhân tế bào,Nucleus,橢圓,41.9%,11.7%,67.0%,45.7%
粒線體,Ty thể,Mitochondrion,橢圓,15.0%,34.5%,28.1%,54.7%
粒線體,Ty thể,Mitochondrion,橢圓,58.6%,62.7%,73.3%,82.9%
內質網,Lưới nội chất,ER,環狀-外圈,30.2%,8.0%,82.2%,66.4%
內質網,Lưới nội chất,ER,環狀-內圈(要挖掉),40.7%,10.1%,68.2%,47.8%
內質網,Lưới nội chất,ER,橢圓,22.1%,18.6%,35.9%,31.9%
內質網,Lưới nội chất,ER,橢圓,47.2%,64.8%,57.4%,76.5%
高基氏體,Bộ máy Golgi,Golgi,橢圓,22.7%,48.4%,45.5%,79.2%
細胞膜,Màng tế bào,Cell membrane,沿細胞外緣畫帶狀一圈(帶寬約 5% 圖寬),-,-,-,-
